{
    "providers": [
        {
            "type": "bitmap",
            "ascent": 0,
            "height": 8,
            "file": "panorama_0.png",
            "chars": [
                "0"
            ]
        },
        {
            "type": "bitmap",
            "ascent": 0,
            "height": 8,
            "file": "panorama_1.png",
            "chars": [
                "1"
            ]
        },
        {
            "type": "bitmap",
            "ascent": 0,
            "height": 8,
            "file": "panorama_2.png",
            "chars": [
                "2"
            ]
        },
        {
            "type": "bitmap",
            "ascent": 0,
            "height": 8,
            "file": "panorama_3.png",
            "chars": [
                "3"
            ]
        },
        {
            "type": "bitmap",
            "ascent": 0,
            "height": 8,
            "file": "panorama_4.png",
            "chars": [
                "4"
            ]
        },
        {
            "type": "bitmap",
            "ascent": 0,
            "height": 8,
            "file": "panorama_5.png",
            "chars": [
                "5"
            ]
        },
        {
            "type": "bitmap",
            "ascent": 0,
            "height": 8,
            "file": "panorama_5.png",
            "chars": [
                "5"
            ]
        },
        {
            "type": "bitmap",
            "ascent": 3,
            "height": 68,
            "file": "buttons.png",
            "chars": [
                "6"
            ]
        },
        {
            "type": "bitmap",
            "ascent": 3,
            "height": 20,
            "file": "hover.png",
            "chars": [
                "h"
            ]
        }
    ]
}